Fecha,Mes,Month,Title,Employed,MA(5),Tendencia,Serie sin tendencia,Estacionalidad,Residuo,Serie desestacionalizada,,,
ene-90,1,1990 ene.,Retail Trade,13255.8,,,,,,,,mes ,promedio
feb-90,2,1990 feb.,Retail Trade,12966.3,,,,,,,,1,-88.4
mar-90,3,1990 mar.,Retail Trade,12938.2,13056.18,,,,,,,2,-278.5
abr-90,4,1990 abr.,Retail Trade,13012.3,13041.58,,,,,,,3,-243.4
may-90,5,1990 may.,Retail Trade,13108.3,13082.34,,,,,,,4,-163.2
jun-90,6,1990 jun.,Retail Trade,13182.8,13126.6,,,,,,,5,-63.8
jul-90,7,1990 jul.,Retail Trade,13170.1,13146.82,,,,,,,6,8.8
ago-90,8,1990 ago.,Retail Trade,13159.5,13162.2,,,,,,,7,-5.9
sep-90,9,1990 sep.,Retail Trade,13113.4,13218.02,,,,,,,8,-21.1
oct-90,10,1990 oct.,Retail Trade,13185.2,13318.62,,,,,,,9,-118.8
nov-90,11,1990 nov.,Retail Trade,13461.9,13300.38,,,,,,,10,6.9
dic-90,12,1990 dic.,Retail Trade,13673.1,13226.54,,,,,,,11,372.2
ene-91,1,1991 ene.,Retail Trade,13068.3,13126.4,,,,,,,12,562.6
feb-91,2,1991 feb.,Retail Trade,12744.2,12971.42,,,,,,,,
mar-91,3,1991 mar.,Retail Trade,12684.5,12792.92,,,,,,,,
abr-91,4,1991 abr.,Retail Trade,12687,12751.06,12966.15,-279.15,-163.1647465,-115.98,12850.16475,,,
may-91,5,1991 may.,Retail Trade,12780.6,12772.04,12951.79,-171.19,-63.84942396,-107.34,12844.44942,,,
jun-91,6,1991 jun.,Retail Trade,12859,12809.4,12945.90,-86.90,8.817741935,-95.72,12850.18226,,,
jul-91,7,1991 jul.,Retail Trade,12849.1,12836.6,12944.36,-95.26,-5.924133811,-89.34,12855.02413,,,
ago-91,8,1991 ago.,Retail Trade,12871.3,12857.6,12948.73,-77.43,-21.11875747,-56.31,12892.41876,,,
sep-91,9,1991 sep.,Retail Trade,12823,12915.96,12958.52,-135.52,-118.8369176,-16.68,12941.83692,,,
oct-91,10,1991 oct.,Retail Trade,12885.6,13024.36,12947.76,-62.16,6.856750299,-69.01,12878.74325,,,
nov-91,11,1991 nov.,Retail Trade,13150.8,13007.82,12932.65,218.15,372.1922342,-154.04,12778.60777,,,
dic-91,12,1991 dic.,Retail Trade,13391.1,12960.44,12916.35,474.75,562.5726404,-87.82,12828.52736,,,
ene-92,1,1992 ene.,Retail Trade,12788.6,12892.88,12904.48,-115.88,-88.36786141,-27.51,12876.96786,,,
feb-92,2,1992 feb.,Retail Trade,12586.1,12789.98,12894.12,-308.02,-278.4622461,-29.56,12864.56225,,,
mar-92,3,1992 mar.,Retail Trade,12547.8,12659.84,12878.42,-330.62,-243.4444444,-87.17,12791.24444,,,
abr-92,4,1992 abr.,Retail Trade,12636.3,12667.14,12857.00,-220.70,-163.1647465,-57.54,12799.46475,,,
may-92,5,1992 may.,Retail Trade,12740.4,12710.9,12856.35,-115.95,-63.84942396,-52.10,12804.24942,,,
jun-92,6,1992 jun.,Retail Trade,12825.1,12763.46,12866.17,-41.07,8.817741935,-49.89,12816.28226,,,
jul-92,7,1992 jul.,Retail Trade,12804.9,12792.98,12882.00,-77.10,-5.924133811,-71.18,12810.82413,,,
ago-92,8,1992 ago.,Retail Trade,12810.6,12822.98,12906.85,-96.25,-21.11875747,-75.14,12831.71876,,,
sep-92,9,1992 sep.,Retail Trade,12783.9,12887.48,12938.30,-154.40,-118.8369176,-35.57,12902.73692,,,
oct-92,10,1992 oct.,Retail Trade,12890.4,13008.86,12947.78,-57.38,6.856750299,-64.24,12883.54325,,,
nov-92,11,1992 nov.,Retail Trade,13147.6,13016.6,12953.13,194.47,372.1922342,-177.72,12775.40777,,,
dic-92,12,1992 dic.,Retail Trade,13411.8,13000.16,12958.94,452.86,562.5726404,-109.71,12849.22736,,,
ene-93,1,1993 ene.,Retail Trade,12849.3,12952.94,12969.98,-120.68,-88.36786141,-32.31,12937.66786,,,
feb-93,2,1993 feb.,Retail Trade,12701.7,12872.48,12983.19,-281.49,-278.4622461,-3.02,12980.16225,,,
mar-93,3,1993 mar.,Retail Trade,12654.3,12762.96,12992.16,-337.86,-243.4444444,-94.41,12897.74444,,,
abr-93,4,1993 abr.,Retail Trade,12745.3,12788.1,12995.22,-249.92,-163.1647465,-86.75,12908.46475,,,
may-93,5,1993 may.,Retail Trade,12864.2,12849.6,13019.76,-155.56,-63.84942396,-91.71,12928.04942,,,
jun-93,6,1993 jun.,Retail Trade,12975,12928.38,13051.86,-76.86,8.817741935,-85.68,12966.18226,,,
jul-93,7,1993 jul.,Retail Trade,13009.2,12989.04,13089.88,-80.68,-5.924133811,-74.76,13015.12413,,,
ago-93,8,1993 ago.,Retail Trade,13048.2,13051.24,13136.99,-88.79,-21.11875747,-67.67,13069.31876,,,
sep-93,9,1993 sep.,Retail Trade,13048.6,13147.74,13189.89,-141.29,-118.8369176,-22.46,13167.43692,,,
oct-93,10,1993 oct.,Retail Trade,13175.2,13297,13220.54,-45.34,6.856750299,-52.20,13168.34325,,,
nov-93,11,1993 nov.,Retail Trade,13457.5,13317.92,13245.53,211.97,372.1922342,-160.22,13085.30777,,,
dic-93,12,1993 dic.,Retail Trade,13755.5,13311.18,13269.03,486.47,562.5726404,-76.10,13192.92736,,,
ene-94,1,1994 ene.,Retail Trade,13152.8,13286.42,13297.10,-144.30,-88.36786141,-55.94,13241.16786,,,
feb-94,2,1994 feb.,Retail Trade,13014.9,13227.98,13325.07,-310.17,-278.4622461,-31.71,13293.36225,,,
mar-94,3,1994 mar.,Retail Trade,13051.4,13135.88,13348.52,-297.12,-243.4444444,-53.68,13294.84444,,,
abr-94,4,1994 abr.,Retail Trade,13165.3,13191.1,13363.57,-198.27,-163.1647465,-35.10,13328.46475,,,
may-94,5,1994 may.,Retail Trade,13295,13285.3,13397.73,-102.73,-63.84942396,-38.88,13358.84942,,,
jun-94,6,1994 jun.,Retail Trade,13428.9,13384.9,13436.19,-7.29,8.817741935,-16.10,13420.08226,,,
jul-94,7,1994 jul.,Retail Trade,13485.9,13468.12,13479.79,6.11,-5.924133811,12.03,13491.82413,,,
ago-94,8,1994 ago.,Retail Trade,13549.4,13554.38,13531.46,17.94,-21.11875747,39.06,13570.51876,,,
sep-94,9,1994 sep.,Retail Trade,13581.4,13687.96,13587.08,-5.68,-118.8369176,113.15,13700.23692,,,
oct-94,10,1994 oct.,Retail Trade,13726.3,13866.84,13617.82,108.48,6.856750299,101.63,13719.44325,,,
nov-94,11,1994 nov.,Retail Trade,14096.8,13912,13641.09,455.71,372.1922342,83.52,13724.60777,,,
dic-94,12,1994 dic.,Retail Trade,14380.3,13911.62,13663.67,716.63,562.5726404,154.06,13817.72736,,,
ene-95,1,1995 ene.,Retail Trade,13775.2,13874.2,13688.28,86.92,-88.36786141,175.28,13863.56786,,,
feb-95,2,1995 feb.,Retail Trade,13579.5,13785.66,13714.69,-135.19,-278.4622461,143.28,13857.96225,,,
mar-95,3,1995 mar.,Retail Trade,13539.2,13661.1,13735.65,-196.45,-243.4444444,46.99,13782.64444,,,
abr-95,4,1995 abr.,Retail Trade,13654.1,13680.96,13747.93,-93.83,-163.1647465,69.34,13817.26475,,,
may-95,5,1995 may.,Retail Trade,13757.5,13740.7,13780.65,-23.15,-63.84942396,40.69,13821.34942,,,
jun-95,6,1995 jun.,Retail Trade,13874.5,13814.5,13817.38,57.12,8.817741935,48.30,13865.68226,,,
jul-95,7,1995 jul.,Retail Trade,13878.2,13862.48,13858.55,19.65,-5.924133811,25.57,13884.12413,,,
ago-95,8,1995 ago.,Retail Trade,13908.2,13912.2,13907.80,0.40,-21.11875747,21.52,13929.31876,,,
sep-95,9,1995 sep.,Retail Trade,13894,14006.7,13961.39,-67.39,-118.8369176,51.45,14012.83692,,,
oct-95,10,1995 oct.,Retail Trade,14006.1,14148.76,13987.14,18.96,6.856750299,12.10,13999.24325,,,
nov-95,11,1995 nov.,Retail Trade,14347,14152.66,14004.48,342.52,372.1922342,-29.67,13974.80777,,,
dic-95,12,1995 dic.,Retail Trade,14588.5,14120,14020.30,568.20,562.5726404,5.63,14025.92736,,,
ene-96,1,1996 ene.,Retail Trade,13927.7,14068.4,14037.63,-109.93,-88.36786141,-21.56,14016.06786,,,
feb-96,2,1996 feb.,Retail Trade,13730.7,13961.34,14054.26,-323.56,-278.4622461,-45.10,14009.16225,,,
mar-96,3,1996 mar.,Retail Trade,13748.1,13842.38,14062.09,-313.99,-243.4444444,-70.54,13991.54444,,,
abr-96,4,1996 abr.,Retail Trade,13811.7,13878.34,14061.26,-249.56,-163.1647465,-86.40,13974.86475,,,
may-96,5,1996 may.,Retail Trade,13993.7,13959.4,14081.16,-87.46,-63.84942396,-23.61,14057.54942,,,
jun-96,6,1996 jun.,Retail Trade,14107.5,14043.24,14106.32,1.18,8.817741935,-7.64,14098.68226,,,
jul-96,7,1996 jul.,Retail Trade,14136,14111.6,14138.38,-2.38,-5.924133811,3.55,14141.92413,,,
ago-96,8,1996 ago.,Retail Trade,14167.3,14178.4,14178.70,-11.40,-21.11875747,9.72,14188.41876,,,
sep-96,9,1996 sep.,Retail Trade,14153.5,14295.3,14224.47,-70.97,-118.8369176,47.86,14272.33692,,,
oct-96,10,1996 oct.,Retail Trade,14327.7,14459.34,14243.23,84.47,6.856750299,77.62,14320.84325,,,
nov-96,11,1996 nov.,Retail Trade,14692,14471.3,14255.00,437.00,372.1922342,64.80,14319.80777,,,
dic-96,12,1996 dic.,Retail Trade,14956.2,14445.28,14265.26,690.94,562.5726404,128.37,14393.62736,,,
ene-97,1,1997 ene.,Retail Trade,14227.1,14387.72,14279.06,-51.96,-88.36786141,36.40,14315.46786,,,
feb-97,2,1997 feb.,Retail Trade,14023.4,14273.06,14294.09,-270.69,-278.4622461,7.78,14301.86225,,,
mar-97,3,1997 mar.,Retail Trade,14039.9,14130.2,14301.25,-261.35,-243.4444444,-17.90,14283.34444,,,
abr-97,4,1997 abr.,Retail Trade,14118.7,14152.64,14301.68,-182.98,-163.1647465,-19.82,14281.86475,,,
may-97,5,1997 may.,Retail Trade,14241.9,14218.9,14323.92,-82.02,-63.84942396,-18.17,14305.74942,,,
jun-97,6,1997 jun.,Retail Trade,14339.3,14289.32,14352.01,-12.71,8.817741935,-21.52,14330.48226,,,
jul-97,7,1997 jul.,Retail Trade,14354.7,14337.48,14384.18,-29.48,-5.924133811,-23.56,14360.62413,,,
ago-97,8,1997 ago.,Retail Trade,14392,14395.7,14426.21,-34.21,-21.11875747,-13.09,14413.11876,,,
sep-97,9,1997 sep.,Retail Trade,14359.5,14508.66,14471.19,-111.69,-118.8369176,7.14,14478.33692,,,
oct-97,10,1997 oct.,Retail Trade,14533,14673.02,14490.47,42.53,6.856750299,35.67,14526.14325,,,
nov-97,11,1997 nov.,Retail Trade,14904.1,14685.78,14504.38,399.72,372.1922342,27.52,14531.90777,,,
dic-97,12,1997 dic.,Retail Trade,15176.5,14662.54,14517.53,658.97,562.5726404,96.40,14613.92736,,,
ene-98,1,1998 ene.,Retail Trade,14455.8,14601.16,14535.03,-79.23,-88.36786141,9.14,14544.16786,,,
feb-98,2,1998 feb.,Retail Trade,14243.3,14484.74,14551.17,-307.87,-278.4622461,-29.41,14521.76225,,,
mar-98,3,1998 mar.,Retail Trade,14226.1,14343.8,14558.88,-332.78,-243.4444444,-89.33,14469.54444,,,
abr-98,4,1998 abr.,Retail Trade,14322,14366.42,14559.53,-237.53,-163.1647465,-74.36,14485.16475,,,
may-98,5,1998 may.,Retail Trade,14471.8,14438.18,14584.18,-112.38,-63.84942396,-48.53,14535.64942,,,
jun-98,6,1998 jun.,Retail Trade,14568.9,14516.36,14614.50,-45.60,8.817741935,-54.42,14560.08226,,,
jul-98,7,1998 jul.,Retail Trade,14602.1,14572.24,14649.85,-47.75,-5.924133811,-41.82,14608.02413,,,
ago-98,8,1998 ago.,Retail Trade,14617,14627,14694.56,-77.56,-21.11875747,-56.45,14638.11876,,,
sep-98,9,1998 sep.,Retail Trade,14601.4,14736.1,14745.24,-143.84,-118.8369176,-25.01,14720.23692,,,
oct-98,10,1998 oct.,Retail Trade,14745.6,14893.34,14770.52,-24.92,6.856750299,-31.78,14738.74325,,,
nov-98,11,1998 nov.,Retail Trade,15114.4,14910.98,14788.70,325.70,372.1922342,-46.50,14742.20777,,,
dic-98,12,1998 dic.,Retail Trade,15388.3,14904.14,14806.52,581.78,562.5726404,19.20,14825.72736,,,
ene-99,1,1999 ene.,Retail Trade,14705.2,14870,14830.09,-124.89,-88.36786141,-36.52,14793.56786,,,
feb-99,2,1999 feb.,Retail Trade,14567.2,14786.3,14849.84,-282.64,-278.4622461,-4.18,14845.66225,,,
mar-99,3,1999 mar.,Retail Trade,14574.9,14674.24,14860.70,-285.80,-243.4444444,-42.35,14818.34444,,,
abr-99,4,1999 abr.,Retail Trade,14695.9,14719.4,14862.81,-166.91,-163.1647465,-3.74,14859.06475,,,
may-99,5,1999 may.,Retail Trade,14828,14801.24,14889.17,-61.17,-63.84942396,2.68,14891.84942,,,
jun-99,6,1999 jun.,Retail Trade,14931,14884.5,14921.30,9.70,8.817741935,0.88,14922.18226,,,
jul-99,7,1999 jul.,Retail Trade,14976.4,14938.02,14958.62,17.78,-5.924133811,23.70,14982.32413,,,
ago-99,8,1999 ago.,Retail Trade,14991.2,14999.54,15005.55,-14.35,-21.11875747,6.77,15012.31876,,,
sep-99,9,1999 sep.,Retail Trade,14963.5,15114.32,15055.74,-92.24,-118.8369176,26.60,15082.33692,,,
oct-99,10,1999 oct.,Retail Trade,15135.6,15281.62,15078.93,56.67,6.856750299,49.81,15128.74325,,,
nov-99,11,1999 nov.,Retail Trade,15504.9,15307.96,15094.81,410.09,372.1922342,37.89,15132.70777,,,
dic-99,12,1999 dic.,Retail Trade,15812.9,15298.94,15109.65,703.25,562.5726404,140.68,15250.32736,,,
ene-00,1,2000 ene.,Retail Trade,15122.9,15260.7,15124.02,-1.12,-88.36786141,87.25,15211.26786,,,
feb-00,2,2000 feb.,Retail Trade,14918.4,15177.72,15137.31,-218.91,-278.4622461,59.55,15196.86225,,,
mar-00,3,2000 mar.,Retail Trade,14944.4,15044.22,15141.63,-197.23,-243.4444444,46.22,15187.84444,,,
abr-00,4,2000 abr.,Retail Trade,15090,15067.76,15134.42,-44.42,-163.1647465,118.75,15253.16475,,,
may-00,5,2000 may.,Retail Trade,15145.4,15132.48,15150.05,-4.65,-63.84942396,59.20,15209.24942,,,
jun-00,6,2000 jun.,Retail Trade,15240.6,15198.18,15168.15,72.45,8.817741935,63.63,15231.78226,,,
jul-00,7,2000 jul.,Retail Trade,15242,15228.08,15189.09,52.91,-5.924133811,58.83,15247.92413,,,
ago-00,8,2000 ago.,Retail Trade,15272.9,15275.58,15217.48,55.42,-21.11875747,76.53,15294.01876,,,
sep-00,9,2000 sep.,Retail Trade,15239.5,15382.8,15246.06,-6.56,-118.8369176,112.28,15358.33692,,,
oct-00,10,2000 oct.,Retail Trade,15382.9,15539.94,15247.80,135.10,6.856750299,128.24,15376.04325,,,
nov-00,11,2000 nov.,Retail Trade,15776.7,15542.96,15241.66,535.04,372.1922342,162.85,15404.50777,,,
dic-00,12,2000 dic.,Retail Trade,16027.7,15513.94,15235.94,791.76,562.5726404,229.19,15465.12736,,,
ene-01,1,2001 ene.,Retail Trade,15288,15452.76,15233.07,54.93,-88.36786141,143.30,15376.36786,,,
feb-01,2,2001 feb.,Retail Trade,15094.4,15306.78,15227.42,-133.02,-278.4622461,145.45,15372.86225,,,
mar-01,3,2001 mar.,Retail Trade,15077,15132.78,15212.21,-135.21,-243.4444444,108.24,15320.44444,,,
abr-01,4,2001 abr.,Retail Trade,15046.8,15124.8,15186.37,-139.57,-163.1647465,23.60,15209.96475,,,
may-01,5,2001 may.,Retail Trade,15157.7,15138.88,15181.79,-24.09,-63.84942396,39.76,15221.54942,,,
jun-01,6,2001 jun.,Retail Trade,15248.1,15161.42,15181.44,66.66,8.817741935,57.85,15239.28226,,,
jul-01,7,2001 jul.,Retail Trade,15164.8,15177.74,15184.31,-19.51,-5.924133811,-13.59,15170.72413,,,
ago-01,8,2001 ago.,Retail Trade,15189.7,15191.02,15193.79,-4.09,-21.11875747,17.03,15210.81876,,,
sep-01,9,2001 sep.,Retail Trade,15128.4,15256.62,15207.72,-79.32,-118.8369176,39.52,15247.23692,,,
oct-01,10,2001 oct.,Retail Trade,15224.1,15366.44,15195.41,28.69,6.856750299,21.84,15217.24325,,,
nov-01,11,2001 nov.,Retail Trade,15576.1,15325.5,15176.38,399.72,372.1922342,27.52,15203.90777,,,
dic-01,12,2001 dic.,Retail Trade,15713.9,15257,15156.37,557.53,562.5726404,-5.04,15151.32736,,,
ene-02,1,2002 ene.,Retail Trade,14985,15174.96,15139.80,-154.80,-88.36786141,-66.43,15073.36786,,,
feb-02,2,2002 feb.,Retail Trade,14785.9,15034.64,15121.84,-335.94,-278.4622461,-57.48,15064.36225,,,
mar-02,3,2002 mar.,Retail Trade,14813.9,14883.94,15093.22,-279.32,-243.4444444,-35.88,15057.34444,,,
abr-02,4,2002 abr.,Retail Trade,14874.5,14893.62,15055.57,-181.07,-163.1647465,-17.91,15037.66475,,,
may-02,5,2002 may.,Retail Trade,14960.4,14938.82,15042.99,-82.59,-63.84942396,-18.74,15024.24942,,,
jun-02,6,2002 jun.,Retail Trade,15033.4,14972.26,15035.60,-2.20,8.817741935,-11.02,15024.58226,,,
jul-02,7,2002 jul.,Retail Trade,15011.9,14978.82,15033.45,-21.55,-5.924133811,-15.62,15017.82413,,,
ago-02,8,2002 ago.,Retail Trade,14981.1,14993.46,15042.11,-61.01,-21.11875747,-39.89,15002.21876,,,
sep-02,9,2002 sep.,Retail Trade,14907.3,15063.56,15053.32,-146.02,-118.8369176,-27.18,15026.13692,,,
oct-02,10,2002 oct.,Retail Trade,15033.6,15176.58,15040.84,-7.24,6.856750299,-14.10,15026.74325,,,
nov-02,11,2002 nov.,Retail Trade,15383.9,15152.16,15025.65,358.25,372.1922342,-13.94,15011.70777,,,
dic-02,12,2002 dic.,Retail Trade,15577,15101.16,15012.29,564.71,562.5726404,2.14,15014.42736,,,
ene-03,1,2003 ene.,Retail Trade,14859,15024.92,15003.72,-144.72,-88.36786141,-56.35,14947.36786,,,
feb-03,2,2003 feb.,Retail Trade,14652.3,14893.32,14996.07,-343.77,-278.4622461,-65.31,14930.76225,,,
mar-03,3,2003 mar.,Retail Trade,14652.4,14743.16,14980.14,-327.74,-243.4444444,-84.29,14895.84444,,,
abr-03,4,2003 abr.,Retail Trade,14725.9,14749.26,14958.76,-232.86,-163.1647465,-69.70,14889.06475,,,
may-03,5,2003 may.,Retail Trade,14826.2,14790.9,14961.01,-134.81,-63.84942396,-70.96,14890.04942,,,
jun-03,6,2003 jun.,Retail Trade,14889.5,14840.04,14967.80,-78.30,8.817741935,-87.11,14880.68226,,,
jul-03,7,2003 jul.,Retail Trade,14860.5,14867.9,14978.78,-118.28,-5.924133811,-112.36,14866.42413,,,
ago-03,8,2003 ago.,Retail Trade,14898.1,14904.72,14999.81,-101.71,-21.11875747,-80.59,14919.21876,,,
sep-03,9,2003 sep.,Retail Trade,14865.2,14989.86,15023.89,-158.69,-118.8369176,-39.86,14984.03692,,,
oct-03,10,2003 oct.,Retail Trade,15010.3,15118.8,15024.46,-14.16,6.856750299,-21.02,15003.44325,,,
nov-03,11,2003 nov.,Retail Trade,15315.2,15111.46,15021.24,293.96,372.1922342,-78.23,14943.00777,,,
dic-03,12,2003 dic.,Retail Trade,15505.2,15077.18,15020.42,484.78,562.5726404,-77.79,14942.62736,,,
ene-04,1,2004 ene.,Retail Trade,14861.4,15030.24,15025.63,-164.23,-88.36786141,-75.86,14949.76786,,,
feb-04,2,2004 feb.,Retail Trade,14693.8,14939.76,15030.82,-337.02,-278.4622461,-58.56,14972.26225,,,
mar-04,3,2004 mar.,Retail Trade,14775.6,14836.12,15028.12,-252.52,-243.4444444,-9.07,15019.04444,,,
abr-04,4,2004 abr.,Retail Trade,14862.8,14880.24,15020.07,-157.27,-163.1647465,5.89,15025.96475,,,
may-04,5,2004 may.,Retail Trade,14987,14951.74,15035.87,-48.87,-63.84942396,14.98,15050.84942,,,
jun-04,6,2004 jun.,Retail Trade,15082,15007.58,15054.39,27.61,8.817741935,18.79,15073.18226,,,
jul-04,7,2004 jul.,Retail Trade,15051.3,15034.26,15076.86,-25.56,-5.924133811,-19.63,15057.22413,,,
ago-04,8,2004 ago.,Retail Trade,15054.8,15067.76,15109.63,-54.83,-21.11875747,-33.71,15075.91876,,,
sep-04,9,2004 sep.,Retail Trade,14996.2,15156.6,15145.51,-149.31,-118.8369176,-30.47,15115.03692,,,
oct-04,10,2004 oct.,Retail Trade,15154.5,15287.76,15157.00,-2.50,6.856750299,-9.35,15147.64325,,,
nov-04,11,2004 nov.,Retail Trade,15526.2,15287.02,15163.66,362.54,372.1922342,-9.66,15154.00777,,,
dic-04,12,2004 dic.,Retail Trade,15707.1,15270.16,15171.79,535.31,562.5726404,-27.27,15144.52736,,,
ene-05,1,2005 ene.,Retail Trade,15051.1,15230.38,15181.67,-130.57,-88.36786141,-42.20,15139.46786,,,
feb-05,2,2005 feb.,Retail Trade,14911.9,15138.92,15189.52,-277.62,-278.4622461,0.84,15190.36225,,,
mar-05,3,2005 mar.,Retail Trade,14955.6,15036.4,15190.08,-234.48,-243.4444444,8.96,15199.04444,,,
abr-05,4,2005 abr.,Retail Trade,15068.9,15086.2,15184.32,-115.42,-163.1647465,47.75,15232.06475,,,
may-05,5,2005 may.,Retail Trade,15194.5,15169.34,15199.66,-5.16,-63.84942396,58.68,15258.34942,,,
jun-05,6,2005 jun.,Retail Trade,15300.1,15247.98,15217.13,82.97,8.817741935,74.15,15291.28226,,,
jul-05,7,2005 jul.,Retail Trade,15327.6,15279.48,15236.82,90.78,-5.924133811,96.70,15333.52413,,,
ago-05,8,2005 ago.,Retail Trade,15348.8,15310.36,15267.49,81.31,-21.11875747,102.43,15369.91876,,,
sep-05,9,2005 sep.,Retail Trade,15226.4,15398.72,15299.60,-73.20,-118.8369176,45.64,15345.23692,,,
oct-05,10,2005 oct.,Retail Trade,15348.9,15520.88,15308.00,40.90,6.856750299,34.04,15342.04325,,,
nov-05,11,2005 nov.,Retail Trade,15741.9,15500.24,15312.22,429.68,372.1922342,57.49,15369.70777,,,
dic-05,12,2005 dic.,Retail Trade,15938.4,15468.4,15320.16,618.24,562.5726404,55.67,15375.82736,,,
ene-06,1,2006 ene.,Retail Trade,15245.6,15428.64,15330.84,-85.24,-88.36786141,3.13,15333.96786,,,
feb-06,2,2006 feb.,Retail Trade,15067.2,15314.52,15340.79,-273.59,-278.4622461,4.87,15345.66225,,,
mar-06,3,2006 mar.,Retail Trade,15150.1,15177.6,15340.32,-190.22,-243.4444444,53.23,15393.54444,,,
abr-06,4,2006 abr.,Retail Trade,15171.3,15195,15334.10,-162.80,-163.1647465,0.36,15334.46475,,,
may-06,5,2006 may.,Retail Trade,15253.8,15246.84,15349.82,-96.02,-63.84942396,-32.17,15317.64942,,,
jun-06,6,2006 jun.,Retail Trade,15332.6,15284.26,15366.88,-34.28,8.817741935,-43.10,15323.78226,,,
jul-06,7,2006 jul.,Retail Trade,15326.4,15297.06,15385.38,-58.98,-5.924133811,-53.05,15332.32413,,,
ago-06,8,2006 ago.,Retail Trade,15337.2,15323.5,15415.24,-78.04,-21.11875747,-56.92,15358.31876,,,
sep-06,9,2006 sep.,Retail Trade,15235.3,15419.68,15446.45,-211.15,-118.8369176,-92.31,15354.13692,,,
oct-06,10,2006 oct.,Retail Trade,15386,15550.88,15451.74,-65.74,6.856750299,-72.60,15379.14325,,,
nov-06,11,2006 nov.,Retail Trade,15813.5,15551.94,15448.63,364.87,372.1922342,-7.32,15441.30777,,,
dic-06,12,2006 dic.,Retail Trade,15982.4,15541.28,15446.57,535.83,562.5726404,-26.74,15419.82736,,,
ene-07,1,2007 ene.,Retail Trade,15342.5,15524.28,15447.25,-104.75,-88.36786141,-16.38,15430.86786,,,
feb-07,2,2007 feb.,Retail Trade,15182,15427.04,15445.74,-263.74,-278.4622461,14.72,15460.46225,,,
mar-07,3,2007 mar.,Retail Trade,15301,15323.14,15432.86,-131.86,-243.4444444,111.58,15544.44444,,,
abr-07,4,2007 abr.,Retail Trade,15327.3,15356.94,15412.55,-85.25,-163.1647465,77.92,15490.46475,,,
may-07,5,2007 may.,Retail Trade,15462.9,15423.42,15413.36,49.54,-63.84942396,113.39,15526.74942,,,
jun-07,6,2007 jun.,Retail Trade,15511.5,15470.88,15414.40,97.10,8.817741935,88.28,15502.68226,,,
jul-07,7,2007 jul.,Retail Trade,15514.4,15493.6,15414.01,100.39,-5.924133811,106.31,15520.32413,,,
ago-07,8,2007 ago.,Retail Trade,15538.3,15506.82,15419.83,118.47,-21.11875747,139.59,15559.41876,,,
sep-07,9,2007 sep.,Retail Trade,15440.9,15603.44,15425.34,15.56,-118.8369176,134.40,15559.73692,,,
oct-07,10,2007 oct.,Retail Trade,15529,15732.96,15404.56,124.44,6.856750299,117.58,15522.14325,,,
nov-07,11,2007 nov.,Retail Trade,15994.6,15718.12,15375.94,618.66,372.1922342,246.47,15622.40777,,,
dic-07,12,2007 dic.,Retail Trade,16162,15676.18,15346.05,815.95,562.5726404,253.38,15599.42736,,,
ene-08,1,2008 ene.,Retail Trade,15464.1,15627.36,15319.09,145.01,-88.36786141,233.38,15552.46786,,,
feb-08,2,2008 feb.,Retail Trade,15231.2,15477.96,15290.36,-59.16,-278.4622461,219.30,15509.66225,,,
mar-08,3,2008 mar.,Retail Trade,15284.9,15305.96,15249.39,35.51,-243.4444444,278.95,15528.34444,,,
abr-08,4,2008 abr.,Retail Trade,15247.6,15281.7,15201.23,46.37,-163.1647465,209.54,15410.76475,,,
may-08,5,2008 may.,Retail Trade,15302,15297.16,15173.90,128.10,-63.84942396,191.95,15365.84942,,,
jun-08,6,2008 jun.,Retail Trade,15342.8,15294.36,15147.62,195.18,8.817741935,186.36,15333.98226,,,
jul-08,7,2008 jul.,Retail Trade,15308.5,15264.72,15118.98,189.52,-5.924133811,195.45,15314.42413,,,
ago-08,8,2008 ago.,Retail Trade,15270.9,15231.94,15099.70,171.20,-21.11875747,192.32,15292.01876,,,
sep-08,9,2008 sep.,Retail Trade,15099.4,15233.72,15080.37,19.03,-118.8369176,137.87,15218.23692,,,
oct-08,10,2008 oct.,Retail Trade,15138.1,15256.9,15040.98,97.12,6.856750299,90.26,15131.24325,,,
nov-08,11,2008 nov.,Retail Trade,15351.7,15140.44,14996.10,355.60,372.1922342,-16.59,14979.50777,,,
dic-08,12,2008 dic.,Retail Trade,15424.4,15008.36,14953.23,471.17,562.5726404,-91.40,14861.82736,,,
ene-09,1,2009 ene.,Retail Trade,14688.6,14862.86,14915.43,-226.83,-88.36786141,-138.46,14776.96786,,,
feb-09,2,2009 feb.,Retail Trade,14439,14672.44,14878.37,-439.37,-278.4622461,-160.91,14717.46225,,,
mar-09,3,2009 mar.,Retail Trade,14410.6,14486.64,14828.28,-417.68,-243.4444444,-174.23,14654.04444,,,
abr-09,4,2009 abr.,Retail Trade,14399.6,14457.62,14772.89,-373.29,-163.1647465,-210.13,14562.76475,,,
may-09,5,2009 may.,Retail Trade,14495.4,14467.68,14740.62,-245.22,-63.84942396,-181.37,14559.24942,,,
jun-09,6,2009 jun.,Retail Trade,14543.5,14484.62,14712.55,-169.05,8.817741935,-177.87,14534.68226,,,
jul-09,7,2009 jul.,Retail Trade,14489.3,14478.2,14687.57,-198.27,-5.924133811,-192.35,14495.22413,,,
ago-09,8,2009 ago.,Retail Trade,14495.3,14461.72,14674.74,-179.44,-21.11875747,-158.32,14516.41876,,,
sep-09,9,2009 sep.,Retail Trade,14367.5,14498.96,14665.27,-297.77,-118.8369176,-178.93,14486.33692,,,
oct-09,10,2009 oct.,Retail Trade,14413,14573.84,14636.43,-223.43,6.856750299,-230.28,14406.14325,,,
nov-09,11,2009 nov.,Retail Trade,14729.7,14532.88,14603.33,126.37,372.1922342,-245.82,14357.50777,,,
dic-09,12,2009 dic.,Retail Trade,14863.7,14483.98,14573.60,290.10,562.5726404,-272.47,14301.12736,,,
ene-10,1,2010 ene.,Retail Trade,14290.5,14443.24,14553.91,-263.41,-88.36786141,-175.04,14378.86786,,,
feb-10,2,2010 feb.,Retail Trade,14123,14351.12,14536.19,-413.19,-278.4622461,-134.72,14401.46225,,,
mar-10,3,2010 mar.,Retail Trade,14209.3,14254.4,14514.59,-305.29,-243.4444444,-61.85,14452.74444,,,
abr-10,4,2010 abr.,Retail Trade,14269.1,14284.66,14491.81,-222.71,-163.1647465,-59.54,14432.26475,,,
may-10,5,2010 may.,Retail Trade,14380.1,14349.08,14492.74,-112.64,-63.84942396,-48.79,14443.94942,,,
jun-10,6,2010 jun.,Retail Trade,14441.8,14399.96,14498.49,-56.69,8.817741935,-65.50,14432.98226,,,
jul-10,7,2010 jul.,Retail Trade,14445.1,14418.34,14509.49,-64.39,-5.924133811,-58.47,14451.02413,,,
ago-10,8,2010 ago.,Retail Trade,14463.7,14444.42,14533.45,-69.75,-21.11875747,-48.63,14484.81876,,,
sep-10,9,2010 sep.,Retail Trade,14361,14526.04,14559.30,-198.30,-118.8369176,-79.46,14479.83692,,,
oct-10,10,2010 oct.,Retail Trade,14510.5,14638.7,14565.46,-54.96,6.856750299,-61.81,14503.64325,,,
nov-10,11,2010 nov.,Retail Trade,14849.9,14635.68,14566.46,283.44,372.1922342,-88.75,14477.70777,,,
dic-10,12,2010 dic.,Retail Trade,15008.4,14619.98,14569.20,439.20,562.5726404,-123.37,14445.82736,,,
ene-11,1,2011 ene.,Retail Trade,14448.6,14587.74,14578.97,-130.37,-88.36786141,-42.00,14536.96786,,,
feb-11,2,2011 feb.,Retail Trade,14282.5,14515.56,14590.66,-308.16,-278.4622461,-29.70,14560.96225,,,
mar-11,3,2011 mar.,Retail Trade,14349.3,14431.62,14593.45,-244.15,-243.4444444,-0.70,14592.74444,,,
abr-11,4,2011 abr.,Retail Trade,14489,14478.36,14591.64,-102.64,-163.1647465,60.53,14652.16475,,,
may-11,5,2011 may.,Retail Trade,14588.7,14565.46,14608.56,-19.86,-63.84942396,43.98,14652.54942,,,
jun-11,6,2011 jun.,Retail Trade,14682.3,14639.1,14628.43,53.87,8.817741935,45.05,14673.48226,,,
jul-11,7,2011 jul.,Retail Trade,14718,14664.74,14649.99,68.01,-5.924133811,73.93,14723.92413,,,
ago-11,8,2011 ago.,Retail Trade,14717.5,14697.34,14685.28,32.22,-21.11875747,53.34,14738.61876,,,
sep-11,9,2011 sep.,Retail Trade,14617.2,14789.34,14720.20,-103.00,-118.8369176,15.84,14736.03692,,,
oct-11,10,2011 oct.,Retail Trade,14751.7,14905.08,14733.63,18.07,6.856750299,11.21,14744.84325,,,
nov-11,11,2011 nov.,Retail Trade,15142.3,14908.48,14740.96,401.34,372.1922342,29.15,14770.10777,,,
dic-11,12,2011 dic.,Retail Trade,15296.7,14889.1,14748.96,547.74,562.5726404,-14.83,14734.12736,,,
ene-12,1,2012 ene.,Retail Trade,14734.5,14854.82,14763.40,-28.90,-88.36786141,59.47,14822.86786,,,
feb-12,2,2012 feb.,Retail Trade,14520.3,14760.44,14777.00,-256.70,-278.4622461,21.76,14798.76225,,,
mar-12,3,2012 mar.,Retail Trade,14580.3,14656.2,14783.30,-203.00,-243.4444444,40.44,14823.74444,,,
abr-12,4,2012 abr.,Retail Trade,14670.4,14672.48,14786.17,-115.77,-163.1647465,47.39,14833.56475,,,
may-12,5,2012 may.,Retail Trade,14775.5,14729.96,14808.21,-32.71,-63.84942396,31.14,14839.34942,,,
jun-12,6,2012 jun.,Retail Trade,14815.9,14776.94,14833.05,-17.15,8.817741935,-25.97,14807.08226,,,
jul-12,7,2012 jul.,Retail Trade,14807.7,14790.64,14860.89,-53.19,-5.924133811,-47.26,14813.62413,,,
ago-12,8,2012 ago.,Retail Trade,14815.2,14811.08,14898.51,-83.31,-21.11875747,-62.19,14836.31876,,,
sep-12,9,2012 sep.,Retail Trade,14738.9,14920.5,14938.85,-199.95,-118.8369176,-81.12,14857.73692,,,
oct-12,10,2012 oct.,Retail Trade,14877.7,15051.46,14954.61,-76.91,6.856750299,-83.77,14870.84325,,,
nov-12,11,2012 nov.,Retail Trade,15363,15060.06,14962.15,400.85,372.1922342,28.66,14990.80777,,,
dic-12,12,2012 dic.,Retail Trade,15462.5,15046.74,14971.76,490.74,562.5726404,-71.83,14899.92736,,,
ene-13,1,2013 ene.,Retail Trade,14858.2,15013.54,14988.53,-130.33,-88.36786141,-41.96,14946.56786,,,
feb-13,2,2013 feb.,Retail Trade,14672.3,14902.66,15004.25,-331.95,-278.4622461,-53.48,14950.76225,,,
mar-13,3,2013 mar.,Retail Trade,14711.7,14796.62,15011.09,-299.39,-243.4444444,-55.95,14955.14444,,,
abr-13,4,2013 abr.,Retail Trade,14808.6,14834.02,15014.08,-205.48,-163.1647465,-42.31,14971.76475,,,
may-13,5,2013 may.,Retail Trade,14932.3,14919.02,15034.91,-102.61,-63.84942396,-38.76,14996.14942,,,
jun-13,6,2013 jun.,Retail Trade,15045.2,15003.02,15060.03,-14.83,8.817741935,-23.64,15036.38226,,,
jul-13,7,2013 jul.,Retail Trade,15097.3,15051.82,15089.10,8.20,-5.924133811,14.12,15103.22413,,,
ago-13,8,2013 ago.,Retail Trade,15131.7,15107.82,15128.58,3.12,-21.11875747,24.24,15152.81876,,,
sep-13,9,2013 sep.,Retail Trade,15052.6,15229.84,15169.63,-117.03,-118.8369176,1.80,15171.43692,,,
oct-13,10,2013 oct.,Retail Trade,15212.3,15378.26,15189.15,23.15,6.856750299,16.29,15205.44325,,,
nov-13,11,2013 nov.,Retail Trade,15655.3,15386.06,15203.26,452.04,372.1922342,79.85,15283.10777,,,
dic-13,12,2013 dic.,Retail Trade,15839.4,15365.9,15219.27,620.13,562.5726404,57.55,15276.82736,,,
ene-14,1,2014 ene.,Retail Trade,15170.7,15326.52,15240.66,-69.96,-88.36786141,18.41,15259.06786,,,
feb-14,2,2014 feb.,Retail Trade,14951.8,15222.86,15261.71,-309.91,-278.4622461,-31.45,15230.26225,,,
mar-14,3,2014 mar.,Retail Trade,15015.4,15102.76,15270.02,-254.62,-243.4444444,-11.17,15258.84444,,,
abr-14,4,2014 abr.,Retail Trade,15137,15139.54,15275.97,-138.97,-163.1647465,24.20,15300.16475,,,
may-14,5,2014 may.,Retail Trade,15238.9,15227.02,15300.75,-61.85,-63.84942396,2.00,15302.74942,,,
jun-14,6,2014 jun.,Retail Trade,15354.6,15300.02,15327.88,26.72,8.817741935,17.90,15345.78226,,,
jul-14,7,2014 jul.,Retail Trade,15389.2,15332.38,15359.65,29.55,-5.924133811,35.47,15395.12413,,,
ago-14,8,2014 ago.,Retail Trade,15380.4,15380.92,15401.18,-20.78,-21.11875747,0.34,15401.51876,,,
sep-14,9,2014 sep.,Retail Trade,15298.8,15488.86,15442.76,-143.96,-118.8369176,-25.13,15417.63692,,,
oct-14,10,2014 oct.,Retail Trade,15481.6,15620.64,15461.49,20.11,6.856750299,13.25,15474.74325,,,
nov-14,11,2014 nov.,Retail Trade,15894.3,15628.78,15474.05,420.25,372.1922342,48.06,15522.10777,,,
dic-14,12,2014 dic.,Retail Trade,16048.1,15618,15488.41,559.69,562.5726404,-2.88,15485.52736,,,
ene-15,1,2015 ene.,Retail Trade,15421.1,15584.02,15507.64,-86.54,-88.36786141,1.83,15509.46786,,,
feb-15,2,2015 feb.,Retail Trade,15244.9,15485.52,15524.84,-279.94,-278.4622461,-1.48,15523.36225,,,
mar-15,3,2015 mar.,Retail Trade,15311.7,15381.96,15531.18,-219.48,-243.4444444,23.96,15555.14444,,,
abr-15,4,2015 abr.,Retail Trade,15401.8,15421.84,15532.31,-130.51,-163.1647465,32.66,15564.96475,,,
may-15,5,2015 may.,Retail Trade,15530.3,15502.26,15554.69,-24.39,-63.84942396,39.46,15594.14942,,,
jun-15,6,2015 jun.,Retail Trade,15620.5,15565.18,15580.45,40.05,8.817741935,31.23,15611.68226,,,
jul-15,7,2015 jul.,Retail Trade,15647,15587.5,15608.97,38.03,-5.924133811,43.95,15652.92413,,,
ago-15,8,2015 ago.,Retail Trade,15626.3,15620.8,15645.20,-18.90,-21.11875747,2.22,15647.41876,,,
sep-15,9,2015 sep.,Retail Trade,15513.4,15715.86,15682.47,-169.07,-118.8369176,-50.24,15632.23692,,,
oct-15,10,2015 oct.,Retail Trade,15696.8,15830.76,15698.60,-1.80,6.856750299,-8.65,15689.94325,,,
nov-15,11,2015 nov.,Retail Trade,16095.8,15830.64,15706.30,389.50,372.1922342,17.31,15723.60777,,,
dic-15,12,2015 dic.,Retail Trade,16221.5,15825.28,15714.51,506.99,562.5726404,-55.58,15658.92736,,,
ene-16,1,2016 ene.,Retail Trade,15625.7,15801.28,15727.02,-101.32,-88.36786141,-12.95,15714.06786,,,
feb-16,2,2016 feb.,Retail Trade,15486.6,15711.86,15735.98,-249.38,-278.4622461,29.08,15765.06225,,,
mar-16,3,2016 mar.,Retail Trade,15576.8,15616.7,15734.33,-157.53,-243.4444444,85.92,15820.24444,,,
abr-16,4,2016 abr.,Retail Trade,15648.7,15661.92,15727.65,-78.95,-163.1647465,84.21,15811.86475,,,
may-16,5,2016 may.,Retail Trade,15745.7,15739.48,15740.20,5.50,-63.84942396,69.35,15809.54942,,,
jun-16,6,2016 jun.,Retail Trade,15851.8,15797.04,15754.22,97.58,8.817741935,88.77,15842.98226,,,
jul-16,7,2016 jul.,Retail Trade,15874.4,15817.36,15770.61,103.79,-5.924133811,109.71,15880.32413,,,
ago-16,8,2016 ago.,Retail Trade,15864.6,15848.12,15799.13,65.47,-21.11875747,86.59,15885.71876,,,
sep-16,9,2016 sep.,Retail Trade,15750.3,15929.8,15824.15,-73.85,-118.8369176,44.99,15869.13692,,,
oct-16,10,2016 oct.,Retail Trade,15899.5,16033.78,15827.31,72.19,6.856750299,65.33,15892.64325,,,
nov-16,11,2016 nov.,Retail Trade,16260.2,16031.74,15825.05,435.15,372.1922342,62.96,15888.00777,,,
dic-16,12,2016 dic.,Retail Trade,16394.3,16007.26,15824.55,569.75,562.5726404,7.18,15831.72736,,,
ene-17,1,2017 ene.,Retail Trade,15854.4,15954.36,15829.97,24.43,-88.36786141,112.80,15942.76786,,,
feb-17,2,2017 feb.,Retail Trade,15627.9,15839.64,15833.21,-205.31,-278.4622461,73.15,15906.36225,,,
mar-17,3,2017 mar.,Retail Trade,15635,15712.68,15825.12,-190.12,-243.4444444,53.33,15878.44444,,,
abr-17,4,2017 abr.,Retail Trade,15686.6,15710.4,15813.28,-126.68,-163.1647465,36.49,15849.76475,,,
may-17,5,2017 may.,Retail Trade,15759.5,15753.04,15820.03,-60.53,-63.84942396,3.32,15823.34942,,,
jun-17,6,2017 jun.,Retail Trade,15843,15788.08,15826.28,16.72,8.817741935,7.90,15834.18226,,,
jul-17,7,2017 jul.,Retail Trade,15841.1,15786.62,15833.37,7.73,-5.924133811,13.65,15847.02413,,,
ago-17,8,2017 ago.,Retail Trade,15810.2,15798.7,15854.10,-43.90,-21.11875747,-22.78,15831.31876,,,
sep-17,9,2017 sep.,Retail Trade,15679.3,15887.26,15872.28,-192.98,-118.8369176,-74.14,15798.13692,,,
oct-17,10,2017 oct.,Retail Trade,15819.9,15980.22,15869.11,-49.21,6.856750299,-56.06,15813.04325,,,
nov-17,11,2017 nov.,Retail Trade,16285.8,15961.9,15859.20,426.60,372.1922342,54.40,15913.60777,,,
dic-17,12,2017 dic.,Retail Trade,16305.9,15941.44,15849.91,455.99,562.5726404,-106.59,15743.32736,,,
ene-18,1,2018 ene.,Retail Trade,15718.6,15899.62,15845.87,-127.27,-88.36786141,-38.90,15806.96786,,,
feb-18,2,2018 feb.,Retail Trade,15577,15778.74,15839.16,-262.16,-278.4622461,16.30,15855.46225,,,
mar-18,3,2018 mar.,Retail Trade,15610.8,15677,15823.53,-212.73,-243.4444444,30.72,15854.24444,,,
abr-18,4,2018 abr.,Retail Trade,15681.4,15702.26,15803.90,-122.50,-163.1647465,40.66,15844.56475,,,
may-18,5,2018 may.,Retail Trade,15797.2,15757.76,15800.52,-3.32,-63.84942396,60.53,15861.04942,,,
jun-18,6,2018 jun.,Retail Trade,15844.9,15802.58,15799.98,44.92,8.817741935,36.10,15836.08226,,,
jul-18,7,2018 jul.,Retail Trade,15854.5,15802.42,,,,,,,,
ago-18,8,2018 ago.,Retail Trade,15834.9,15802.28,,,,,,,,
sep-18,9,2018 sep.,Retail Trade,15680.6,15891.56,,,,,,,,
oct-18,10,2018 oct.,Retail Trade,15796.5,15982.5,,,,,,,,
nov-18,11,2018 nov.,Retail Trade,16291.3,15966.22,,,,,,,,
dic-18,12,2018 dic.,Retail Trade,16309.2,15943.58,,,,,,,,
ene-19,1,2019 ene.,Retail Trade,15753.5,15899.6,,,,,,,,
feb-19,2,2019 feb.,Retail Trade,15567.4,15766.32,,,,,,,,
mar-19,3,2019 mar.,Retail Trade,15576.6,15642.8,,,,,,,,
abr-19,4,2019 abr.,Retail Trade,15624.9,15647.2,,,,,,,,
may-19,5,2019 may.,Retail Trade,15691.6,15690.9,,,,,,,,
jun-19,6,2019 jun.,Retail Trade,15775.5,15725.48,,,,,,,,
jul-19,7,2019 jul.,Retail Trade,15785.9,15722.76,,,,,,,,
ago-19,8,2019 ago.,Retail Trade,15749.5,,,,,,,,,
sep-19,9,2019 sep.,Retail Trade,15611.3,,,,,,,,,
